<?xml version="1.0" encoding="utf-8"?>
<extension type="module" client="site" version="3.2" method="upgrade">
	<name>SJ Most Viewed for K2</name>
	<creationDate>January 2016</creationDate>
	<author>YouTech Company</author>
	<copyright>Copyright (c) 2016 YouTech Company</copyright>
	<license>http://www.gnu.org/licenses/gpl-2.0.html GNU/GPL</license>
	<authorEmail>contact@ytcvn.com</authorEmail>
	<authorUrl>http://www.smartaddons.com</authorUrl>
	<version>1.0.0</version>
	<description>TPL_YTFRAMEWORK_XML_DESCRIPTION</description>
	<files>
		<filename module="mod_sj_k2_most_viewed">mod_sj_k2_most_viewed.php</filename>
		<filename>index.html</filename>
		<folder>assets</folder>
		<folder>core</folder>
		<folder>language</folder>
		<folder>tmpl</folder>
	</files>
	<languages/>
	<config>
		<fields name="params" addfieldpath="/modules/mod_sj_k2_most_viewed/core/fields">
			<fieldset name="General_Options" label="General Options">
				<field name="item_link_target" type="list" default="_blank" label="Link Target"
				       description="The Type shows when you click on the link">
					<option value="_blank">New Window</option>
					<option value="_self">Same Window</option>
					<option value="_windowopen">Popup window</option>
				</field>
				<field name="tabWeek" type="radio" default="1" label="TAB_WEEK"
				       class="btn-group"
				       description="Display tab week">
					<option value="0">K2_NO</option>
					<option value="1">K2_YES</option>
				</field>
				<field name="tabMonth" type="radio" default="1" label="TAB_MONTH"
				       class="btn-group"
				       description="Display tab month">
					<option value="0">K2_NO</option>
					<option value="1">K2_YES</option>
				</field>
				<field name="tabYear" type="radio" default="0" label="TAB_YEAR"
				       class="btn-group"
				       description="Display tab year">
					<option value="0">K2_NO</option>
					<option value="1">K2_YES</option>
				</field>
			</fieldset>
			<fieldset name="SOURCE_OPTIONS_LABEL" label="SOURCE_OPTIONS_LABEL"
			          addfieldpath="/administrator/components/com_k2/elements/">
				<field name="catfilter" type="radio" default="0" label="K2_CATEGORY_FILTER" description=""
				       class="btn-group">
					<option value="0">K2_ALL</option>
					<option value="1">K2_SELECT</option>
				</field>
				<field name="category_id" type="categoriesmultiple" default="" label="K2_SELECT_ONE_OR_MORE_CATEGORIES"
				       description="K2_SELECT_ONE_ORE_MORE_CATEGORIES_FOR_WHICH_YOU_WANT_TO_FILTER_AN_ITEMS_LIST_SELECT_NONE_TO_FETCH_ITEMS_FROM_ALL_CATEGORIES"/>
				<field name="getChildren" type="radio" default="0" label="K2_FETCH_ITEMS_FROM_CHILDREN_CATEGORIES"
				       class="btn-group"
				       description="">
					<option value="0">K2_NO</option>
					<option value="1">K2_YES</option>
				</field>
				<field name="itemCount" type="text" size="4" default="5" label="K2_ITEM_COUNT" description=""/>
				<field name="ordering_direction" type="list" default="ASC" label="Ordering Direction" description="Select the direction you would like Item to be ordered by.">
                    <option value="DESC">Descending</option>
                    <option value="ASC">Ascending</option>
                </field>
			</fieldset>
			<fieldset name="item_options" label="Item Options">
				<field name="item_title_display" type="radio" class="btn-group" default="1" label="DISPLAY_TITLE_LABEL"
				       description="DISPLAY_TITLE_DESC">
					<option value="1">Yes</option>
					<option value="0">No</option>
				</field>
				<field name="item_title_max_characs" type="text" default="20" label="TITLE_MAXLENGTH_LABEL"
				       description="TITLE_MAXLENGTH_DESC"/>
				<field name="item_cate_display" type="radio" class="btn-group" default="1"
				       label="DISPLAY_CATEGORY_LABEL" description="DISPLAY_CATEGORY_DESC">
					<option value="1">Yes</option>
					<option value="0">No</option>
				</field>
				<field name="item_cate_max_characs" type="text" default="25" label="CATEGORY_MAXLENGTH_LABEL"
				       description="CATEGORY_MAXLENGTH_DESC"/>
				<field name="itemCommentsCounter" type="radio" class="btn-group" default="1"
				       label="COMMENTS_DISPLAY_LABEL" description="COMMENTS_DISPLAY_DESC">
					<option value="1">Show</option>
					<option value="0">Hide</option>
				</field>
			</fieldset>
			<fieldset name="IMAGE_OPTIONS_LABEL" label="IMAGE_OPTIONS_LABEL">
				<field type="sjheading" label="Get Images From K2 Image"/>
				<field name="imgcfg_from_k2_image" class="btn-group" label="K2 Image"
				       description="K2 item image standard" type="radio" default="1">
					<option value="1">Yes</option>
					<option value="0">No</option>
				</field>
				<field name="imgcfg_k2_image_size" type="list" label="K2 Image Size" description="K2 item image size">
					<option value="">Original</option>
					<option value="XSmall">Extra Small</option>
					<option value="Small">Small</option>
					<option value="Medium">Medium</option>
					<option value="Large">Large</option>
					<option value="XLarge">Extra Large</option>
					<option value="Generic">Generic</option>
				</field>
				<field type="sjheading" label="Get Images From Inline Introtext"/>
				<field name="imgcfg_from_inline_introtext" label="INLINE_INTROTEXT_LABEL" class="btn-group"
				       description="INLINE_INTROTEXT_DESC" type="radio" default="1">
					<option value="1">Yes</option>
					<option value="0">No</option>
				</field>
				<field type="sjheading" label="Get images From Inline Fulltext"/>
				<field name="header4" type="spacer" class="text" label="GET_IMAGES_FROM_INLINE_FULLTEXT_LABEL"/>
				<field name="imgcfg_from_inline_fulltext" label="INLINE_FULLTEXT_LABEL" class="btn-group"
				       description="INLINE_FULLTEXT_DESC" type="radio" default="1">
					<option value="1">Yes</option>
					<option value="0">No</option>
				</field>
				<field type="sjheading" label="Get images From Extend Folder"/>
				<field name="imgcfg_from_external" label="EXTEND_FOLDER_LABEL" class="btn-group"
				       description="EXTEND_FOLDER_DESC" type="radio" default="1">
					<option value="1">Yes</option>
					<option value="0">No</option>
				</field>
				<field name="imgcfg_external_url" type="text" default="images/k2/{id}.jpg" label="EXTEND_FOLDER_LABEL"
				       description="EXTEND_FOLDER_DESC"/>
				<field name="imgcfg_order" type="text" default="k2_image, inline_introtext, inline_fulltext, external"
				       label="ORDER_GET_LABEL" description="ORDER_GET_DESC"/>
				<field name="imgcfg_function" default="resize_stretch" type="list" label="RESIZE_MODE_LABEL"
				       description="RESIZE_MODE_DESC">
					<option value="none">None</option>
					<option value="resize_center">Center</option>
					<option value="resize_fill">Fill</option>
					<option value="resize_fit">Fit</option>
					<option value="resize_stretch">Stretch</option>
				</field>
				<field name="imgcfg_type" type="list" default="" label="IMAGE_TYPE_LABEL" description="IMAGE_TYPE_DESC">
					<option value="">Default</option>
					<option value="1">GIF</option>
					<option value="2">JPEG</option>
					<option value="3">PNG</option>
				</field>
				<field name="imgcfg_transparency" label="KEEP_TRANSPARENCY_LABEL" class="btn-group"
				       description="KEEP_TRANSPARENCY_DESC" type="radio" default="1">
					<option value="1">Yes</option>
					<option value="0">No</option>
				</field>
				<field name="imgcfg_width" type="text" default="210" label="IMAGE_WIDTH_LABEL"
				       description="IMAGE_WIDTH_DESC"/>
				<field name="imgcfg_height" type="text" default="150" label="IMAGE_HEIGHT_LABEL"
				       description="IMAGE_HEIGHT_DESC"/>
				<field name="imgcfg_background" type="color" default="#FFFFFF" label="BACKGROUND_LABEL"
				       description="BACKGROUND_DESC"/>
				<field name="imgcfg_placeholder_path" type="text"
				       default="modules/mod_sj_k2_most_viewed/assets/images/nophoto.jpg" label="PLACE_HOLDER_PATH_LABEL"
				       description="PLACE_HOLDER_PATH_DESC"/>
			</fieldset>
			<fieldset name="advanced">
				<field name="moduleclass_sfx" type="text"
				       label="COM_MODULES_FIELD_MODULECLASS_SFX_LABEL"
				       description="COM_MODULES_FIELD_MODULECLASS_SFX_DESC"/>
				<field name="layout" type="modulelayout" default="basic" class="btn-group"
				       label="JFIELD_ALT_LAYOUT_LABEL" description="JFIELD_ALT_MODULE_LAYOUT_DESC"/>
				<field name="include_jquery" type="radio" class="btn-group" default="0" label="Include Jquery"
				       description="select Yes if you want use for joomla 2.5">
					<option value="1">Yes</option>
					<option value="0">No</option>
				</field>
				<field name="pretext" type="textarea" default="" label="Pre-text" description="Intro text of module"
				       cols="40" rows="4" filter="raw"/>
				<field name="posttext" type="textarea" default="" label="Post-text" description="Footer text of module"
				       cols="40" rows="4" filter="raw"/>
				<field name="owncache" type="list" default="1" label="COM_MODULES_FIELD_CACHING_LABEL"
				       description="COM_MODULES_FIELD_CACHING_DESC">
					<option value="1">JGLOBAL_USE_GLOBAL</option>
					<option value="0">COM_MODULES_FIELD_VALUE_NOCACHING</option>
				</field>
				<field name="cache_time" type="text" default="900" label="COM_MODULES_FIELD_CACHE_TIME_LABEL"
				       description="COM_MODULES_FIELD_CACHE_TIME_DESC"/>
			</fieldset>
		</fields>
	</config>
</extension>
